Organism,Limb.width,Limb.length,Observer
WLJdMxF Waef,1.07,8.57,Danny
NEaibFX Awefawef,2.49,2.87,Tami
lxtwQNI wefae,9.76,6.6,Felice
WoDcb srgsrs,5.56,3.63,Aubrie
UtXG jsrytm,6.7,5.75,Olivier R
uyL awegwaeg,4.25,8.32,Shannah
itmbe rgerrgf,6.3,3.55,Arlina
wXzIn serhserh,4.23,7.52,Hayley
tNSiGd erhsf,6.82,3.33,Randa
KTIIS hsthsdf,5.55,7.65,Alyda
kiGic serhfsgr,5.44,5.78,Olivier R
QDfEu rghsdfvbr,3.27,10.45,Monika
LSkN nmdynsrt,6.77,1.86,June
RZxFyv myddbfg,4.57,1.1,Selia
zQNcj sdthbdf,6.31,5.3,Zsa Zsa
Bsp kansthsvc,10.27,8.8,Imojean
ttFXvVr stdcvse,9.51,5.51,Anestassia
cZvHMVb srfvxdr,8.94,10.87,Desirae
BcPKUbb rvbdcfvser,6.3,7.71,Roseline
Vkqycz njydndy,3.33,7.87,Jessamyn
bgRNA sthrb,7.06,4.59,Dennie
WiiF servdrfvrd,6.39,9.15,Arlena
ZNLJFTqa  aew,2.14,8.98,Katleen
qbRnw asefawe,9.56,3.97,Augustine
GyRLydy fgbfg,4.32,1.57,Blake
mIF Ahtr,2.2,3.7,Rosabelle
rLCyHj htssrt,2.29,8.93,Magdalena
MmCaRdy sersr,10.84,4.6,Brena
dNBj ojopi,2.49,10.26,Katuscha
MowdE awefawe,6.63,10.52,Kerrin
lmQnjI ghmg,9.16,3.64,Dione
Yi uyQ,4.39,4.5,Candy
aEmL jndyn,6.74,5.12,Fayre
iag bpJ,6.03,6.6,Genevra
qo JJq,10.11,7.47,Nananne
HzF PXim,10.76,2.17,Merry
dy gPLu,2.95,4.44,Sissy
DflZt oumu,7.75,7.24,Aili
OIaQm johth,6.53,2.92,Kerrin
UxIcU erdtbn,6.01,2.96,Lanae
JlANr gerevr,8.26,6.42,Asia
pzeA sefvrb,7.12,1.47,Miquela
mTdXpm wechy,2.05,5.9,Miquela
sDTEH jseorhjo,10.86,9.98,Kristan
hswUk joijoi,7.38,9.48,Grier
zAxBMPh ajsoiv,10.98,8.15,Sophia
AdtfXJd dconf,1.2,1.11,Flory
guPUiz aeroiperj,4.74,10.76,Farrah
V YtJ,8.07,1.81,Sashenka
wu eHT,1.87,4.99,Leona
