"","Sp","Limb.width","Limb.length","Observer"
"1","W. Waef",1.07,8.57,"Danny"
"2","N. Awefawef",2.49,2.87,"Tami"
"3","L. Wefae",9.76,6.6,"Felice"
"4","W. Srgsrs",5.56,3.63,"Aubrie"
"5","U. Jsrytm",6.7,5.75,"Olivier R"
"6","U. Awegwaeg",4.25,8.32,"Shannah"
"7","I. Rgerrgf",6.3,3.55,"Arlina"
"8","W. Serhserh",4.23,7.52,"Hayley"
"9","T. Erhsf",6.82,3.33,"Randa"
"10","K. Hsthsdf",5.55,7.65,"Alyda"
"11","K. Serhfsgr",5.44,5.78,"Olivier R"
"12","Q. Rghsdfvbr",3.27,10.45,"Monika"
"13","L. Nmdynsrt",6.77,1.86,"June"
"14","R. Myddbfg",4.57,1.1,"Selia"
"15","Z. Sdthbdf",6.31,5.3,"Zsa Zsa"
"16","B. Kansthsvc",10.27,8.8,"Imojean"
"17","T. Stdcvse",9.51,5.51,"Anestassia"
"18","C. Srfvxdr",8.94,10.87,"Desirae"
"19","B. Rvbdcfvser",6.3,7.71,"Roseline"
"20","V. Njydndy",3.33,7.87,"Jessamyn"
"21","B. Sthrb",7.06,4.59,"Dennie"
"22","W. Servdrfvrd",6.39,9.15,"Arlena"
"23","Z.  Aew",2.14,8.98,"Katleen"
"24","Q. Asefawe",9.56,3.97,"Augustine"
"25","G. Fgbfg",4.32,1.57,"Blake"
"26","M. Ahtr",2.2,3.7,"Rosabelle"
"27","R. Htssrt",2.29,8.93,"Magdalena"
"28","M. Sersr",10.84,4.6,"Brena"
"29","D. Ojopi",2.49,10.26,"Katuscha"
"30","M. Awefawe",6.63,10.52,"Kerrin"
"31","L. Ghmg",9.16,3.64,"Dione"
"32","Y. uyQ",4.39,4.5,"Candy"
"33","A. Jndyn",6.74,5.12,"Fayre"
"34","I. bpJ",6.03,6.6,"Genevra"
"35","Q. JJq",10.11,7.47,"Nananne"
"36","H. PXim",10.76,2.17,"Merry"
"37","D. gPLu",2.95,4.44,"Sissy"
"38","D. Oumu",7.75,7.24,"Aili"
"39","O. Johth",6.53,2.92,"Kerrin"
"40","U. Erdtbn",6.01,2.96,"Lanae"
"41","J. Gerevr",8.26,6.42,"Asia"
"42","P. Sefvrb",7.12,1.47,"Miquela"
"43","M. Wechy",2.05,5.9,"Miquela"
"44","S. Jseorhjo",10.86,9.98,"Kristan"
"45","H. Joijoi",7.38,9.48,"Grier"
"46","Z. Ajsoiv",10.98,8.15,"Sophia"
"47","A. Dconf",1.2,1.11,"Flory"
"48","G. Aeroiperj",4.74,10.76,"Farrah"
"49","V. Y",8.07,1.81,"Sashenka"
"50","W. eHT",1.87,4.99,"Leona"
